{"linear": {"svr_r2": [0.8354721613586709,
   0.9879258124387017,
   0.9931792867476782,
   0.9942962864140545,
   0.9948018688313414],
  "svr_mae": [1442.2623408083427,
   391.2504441642245,
   299.5320934368227,
   278.00288381488053,
   268.1446534442885],
  "svr_mse": [3201830.5257494566,
   234972.40726335152,
   132736.00430791758,
   110998.38434894962,
   101159.3854882148],
  "svr_mape": [9.672150351184063,
   2.59304613731504,
   1.9727324199822969,
   1.817776992393024,
   1.7483061931064119],
  "svr_acc": [90.33, 97.41, 98.03, 98.18, 98.25]},
 "poly": {"svr_r2": [0.007932739226342078,
   0.011385999582347983,
   0.014207020936198522,
   0.016520832621645387,
   0.01859741973292328],
  "svr_mae": [3565.221190807272,
   3559.0334276721014,
   3554.1359239114745,
   3549.998184474194,
   3546.2166331439444],
  "svr_mse": [19306345.14725723,
   19239142.20754486,
   19184243.09527827,
   19139214.649353992,
   19098802.76491441],
  "svr_mape": [24.260121467323057,
   24.2016630657169,
   24.17085798832001,
   24.140449274704174,
   24.109062836615713],
  "svr_acc": [75.74, 75.8, 75.83, 75.86, 75.89]},
 "rbf": {"svr_r2": [0.0022650716042862395,
   0.004570346988091556,
   0.0065070164807902175,
   0.008165466462295323,
   0.009813568035992315],
  "svr_mae": [3574.817399445121,
   3570.918563971914,
   3567.505071696521,
   3564.6082563979708,
   3561.7159986844126],
  "svr_mse": [19416642.051124427,
   19371779.72779313,
   19334090.741228808,
   19301816.1072212,
   19269742.860700883],
  "svr_mape": [24.32929229148853,
   24.306716057151124,
   24.27765841197998,
   24.25655110809166,
   24.23475498495296],
  "svr_acc": [75.67, 75.69, 75.72, 75.74, 75.77]},
 "sigmoid": {"svr_r2": [-0.0004442770395358675,
   -0.0004491362271024091,
   -0.0004486417703595258,
   -0.0004648603904751081,
   -0.0005032492503000974],
  "svr_mae": [3579.514094748113,
   3579.473260845434,
   3579.430778719957,
   3579.4306070033213,
   3579.4193985304482],
  "svr_mse": [19469367.931828417,
   19469462.495126694,
   19469452.872641493,
   19469768.498698458,
   19470515.573626637],
  "svr_mape": [24.370911025040787,
   24.369049623315643,
   24.36777388055875,
   24.367856041094868,
   24.364102366446176],
  "svr_acc": [75.63, 75.63, 75.63, 75.63, 75.64]}}











  [[0.9848142420293263,
  0.9892456157564089,
  0.9907602761796757,
  0.9914955319434969,
  0.9919351676313911,
  0.9928328050481122,
  0.9932729266193281,
  0.9934287822047375,
  0.9935024766744065,
  0.9935532545942825],
 [433.6034528010518,
  368.1528643154078,
  343.1140502954995,
  330.17583078030816,
  322.3154442253518,
  305.8502985862541,
  297.5676663352764,
  294.64493642023643,
  293.22608682084376,
  292.23294827716677],
 [295525.8139210266,
  209288.0818293285,
  179811.6964382056,
  165503.08843437603,
  156947.46053983516,
  139478.78833428785,
  130913.7047995083,
  127880.64258284328,
  126446.49499716112,
  125458.32001573694],
 [2.8020613436929565,
  2.379444344139095,
  2.217587677029308,
  2.134094504893388,
  2.083282270118422,
  1.9766428566822953,
  1.9233098464605758,
  1.9044438029962492,
  1.8953116944544792,
  1.8888116356696918],
 [97.2, 97.62, 97.78, 97.87, 97.92, 98.02, 98.08, 98.1, 98.1, 98.11]]